0.9609727182080122,0.03902728179198782
0.21837211890904618,0.7816278810909538
0.9825541874155654,0.01744581258443461
0.9991830987930703,0.0008169012069297293
0.040335980273398575,0.9596640197266014
0.7317962614970148,0.26820373850298523
0.5972595921977373,0.40274040780226267
0.4162659091613252,0.5837340908386748
0.886415561851369,0.11358443814863094
0.7022967884518196,0.29770321154818036
0.9995368428025608,0.000463157197439132
0.9900356393746873,0.009964360625312665
0.99998924709056,1.0752909439955389e-05
0.9968186120886274,0.0031813879113725325
0.994364336061314,0.005635663938685994
0.9879587810359084,0.012041218964091572
0.9999846481106338,1.5351889366167526e-05
0.9764506710406777,0.023549328959322213
0.31994243183179827,0.6800575681682017
0.9895660093460827,0.010433990653917275
0.9995147286643513,0.00048527133564872204
0.06610019008039802,0.933899809919602
0.8212584654164442,0.17874153458355582
0.7140633628314108,0.2859366371685892
0.5456278385449329,0.4543721614550671
0.929286539463067,0.07071346053693296
0.7988947579737078,0.20110524202629215
0.9997249060086123,0.0002750939913876945
0.9940586981099229,0.00594130189007714
0.9999936144418043,6.385558195680506e-06
0.9981083135916351,0.0018916864083648544
0.9966456274435638,0.0033543725564362478
0.9928142744915804,0.0071857255084195664
0.9999908833449568,9.116655043176121e-06
0.9762124316491614,0.02378756835083866
0.3177034103734888,0.6822965896265112
0.9894590203884359,0.010540979611564118
0.9995097022029268,0.0004902977970731839
0.06546659652477071,0.9345334034752293
0.8197400439536501,0.18025995604634995
0.7119537038451814,0.2880462961548186
0.543070673454625,0.456929326545375
0.9286060454657098,0.07139395453429025
0.7972332612030031,0.20276673879699686
0.9997220559677995,0.0002779440322004858
0.9939974972376315,0.006002502762368496
0.9999935482678989,6.451732101071577e-06
0.998088747278318,0.0019112527216820743
0.9966109834725703,0.0033890165274297382
0.992740348527362,0.007259651472637922
0.999990788868799,9.211131200954205e-06
0.958814288535269,0.041185711464731004
0.20895147506869338,0.7910485249313066
0.9815664397656138,0.018433560234386245
0.9991360195735188,0.0008639804264811481
0.038220307531578346,0.9617796924684217
0.7206475963674578,0.2793524036325422
0.5836998971215632,0.4163001028784368
0.4027065594377207,0.5972934405622793
0.8806458354310184,0.1193541645689816
0.6904406040662212,0.30955939593377885
0.9995101403763825,0.0004898596236175231
0.9894669359749216,0.01053306402507832
0.9999886268557312,1.13731442688205e-05
0.9966357228392706,0.0033642771607293614
0.9940412006346282,0.0059587993653717804
0.987273067306895,0.012726932693104931
0.9999837626079511,1.6237392048966432e-05
0.9579047990675941,0.04209520093240594
0.20520925925092204,0.794790740749078
0.9811495001499417,0.018850499850058263
0.9991161197776263,0.0008838802223737045
0.03739126929121572,0.9626087307087843
0.7160363720610065,0.28396362793899355
0.578151381180647,0.421848618819353
0.39723682800025206,0.6027631719997479
0.8782294049587475,0.12177059504125258
0.6855483295320739,0.31445167046792605
0.9994988532679544,0.0005011467320456104
0.9892267324808452,0.01077326751915477
0.9999883646729009,1.1635327099128826e-05
0.9965584328426774,0.003441567157322563
0.9939046693281175,0.006095330671882505
0.9869834914245498,0.013016508575450203
0.9999833882924479,1.6611707552056788e-05
0.9573893173178234,0.04261068268217655
0.203144120734701,0.796855879265299
0.980912992339505,0.019087007660495005
0.9991048245080004,0.0008951754919996266
0.036936493239093204,0.9630635067609068
0.7134450857732937,0.2865549142267063
0.5750485846278153,0.4249514153721848
0.3941976726827957,0.6058023273172043
0.8768636693442979,0.12313633065570205
0.6828020744854539,0.317197925514546
0.9994924465360787,0.0005075534639212421
0.9890904388447689,0.010909561155231125
0.9999882158514244,1.1784148575642555e-05
0.9965145664391024,0.003485433560897604
0.9938271874259117,0.006172812574088351
0.9868191964694975,0.013180803530502562
0.9999831758217229,1.6824178277138064e-05
0.9773199072203871,0.022680092779612904
0.32837656286246675,0.6716234371375333
0.9899561209795894,0.010043879020410549
0.9995330477717873,0.0004669522282126948
0.0685168768160066,0.9314831231839934
0.8268402051370215,0.1731597948629785
0.7218588743599008,0.2781411256400992
0.5551546642774376,0.44484533572256235
0.9317750281517949,0.06822497184820508
0.8050090569441583,0.19499094305584172
0.9997352929729744,0.0002647070270256675
0.9942818053302998,0.005718194669700194
0.9999938556092656,6.144390734377786e-06
0.9981796285049563,0.0018203714950437075
0.9967719059969573,0.003228094003042693
0.9930837870632014,0.006916212936798514
0.999991227658595,8.772341404962272e-06
0.9284953749131492,0.07150462508685085
0.12841345208653687,0.8715865479134631
0.9674275601666007,0.03257243983339926
0.9984520788750636,0.0015479211249364415
0.02168478244164418,0.9783152175583558
0.5899777540227789,0.4100222459772212
0.4388520692257969,0.5611479307742031
0.27328818913728103,0.726711810862719
0.8045152488889621,0.19548475111103789
0.5543783728846791,0.44562162711532094
0.999122099454201,0.0008779005457989395
0.9812722641479638,0.018727735852036194
0.9999796099192323,2.0390080767715666e-05
0.9939844241041677,0.006015575895832331
0.9893670412234656,0.01063295877653435
0.9774105430352049,0.022589456964795116
0.9999708892764674,2.9110723532667814e-05
0.9757533211224304,0.024246678877569587
0.31347282694165013,0.6865271730583499
0.9892527602013659,0.01074723979863408
0.9995000089419068,0.0004999910580931649
0.0642784032972884,0.9357215967027116
0.8168276050032344,0.1831723949967657
0.7079202804534224,0.2920797195465776
0.538206321497653,0.461793678502347
0.92729654022439,0.07270345977560998
0.7940485435659697,0.2059514564340304
0.9997165597820348,0.0002834402179651912
0.993879494179591,0.00612050582040901
0.9999934206532202,6.579346779818483e-06
0.9980510163038834,0.0019489836961166572
0.9965441802509105,0.0034558197490894426
0.9925978152571536,0.0074021847428464025
0.9999906066739678,9.393326032187907e-06
0.9599572812920174,0.04004271870798259
0.21384183467287077,0.7861581653271292
0.9820898056670835,0.017910194332916483
0.9991609761130361,0.0008390238869638313
0.03931341114449727,0.9606865888555027
0.7265149459422718,0.27348505405772816
0.5908103889255127,0.4091896110744872
0.40978253275027865,0.5902174672497214
0.8836950289479921,0.11630497105200792
0.6966753597465669,0.3033246402534331
0.9995242953804321,0.00047570461956791794
0.9897683290541527,0.01023167094584731
0.9999889556473589,1.1044352641105749e-05
0.9967326656165003,0.0032673343834997387
0.9942124712933025,0.005787528706697561
0.987636451352948,0.012363548647051985
0.99998423202021,1.576797978996047e-05
0.9271287151221785,0.07287128487782145
0.12614686078894366,0.8738531392110563
0.9667783826467977,0.03322161735320228
0.9984202186789111,0.0015797813210888902
0.021256087471079543,0.9787439125289205
0.5850326687012948,0.4149673312987053
0.4338334225240259,0.5661665774759741
0.26925441751158097,0.730745582488419
0.8012861098066737,0.19871389019332628
0.5493319070660283,0.45066809293397175
0.9991040176286371,0.0008959823713628865
0.9808935657989074,0.01910643420109263
0.9999791895836466,2.0810416353394516e-05
0.9938611734633565,0.006138826536643517
0.9891502195796082,0.010849780420391742
0.9769555896887868,0.023044410311213195
0.9999702891727084,2.971082729169207e-05
0.9573099922202731,0.04269000777972686
0.20282981586617654,0.7971701841338235
0.9808765847651058,0.01912341523489421
0.9991030852740104,0.0008969147259896687
0.03686744739769143,0.9631325526023086
0.7130477423762013,0.2869522576237987
0.5745737694355688,0.4254262305644312
0.39373382734424334,0.6062661726557567
0.8766537493368853,0.12334625066311465
0.6823811570701821,0.31761884292981785
0.9994914600285265,0.0005085399714734948
0.9890694555538485,0.010930544446151486
0.9999881929357516,1.1807064248427668e-05
0.9965078121904165,0.003492187809583523
0.9938152577600065,0.006184742239993521
0.9867939030309132,0.013206096969086827
0.9999831431052806,1.6856894719474242e-05
0.9301345968641335,0.0698654031358665
0.13123254837511056,0.8687674516248894
0.9682048363612901,0.03179516363870988
0.998490172337654,0.001509827662345982
0.02222056899925373,0.9777794310007463
0.596000742744325,0.40399925725567504
0.4450066962668554,0.5549933037331446
0.278272327240047,0.721727672759953
0.8084102043987506,0.19158979560124945
0.5605347702844186,0.4394652297155814
0.9991437182306158,0.0008562817693842526
0.9817254049130836,0.018274595086916444
0.999980112456342,1.9887543657966662e-05
0.9941318178354144,0.005868182164585644
0.9896263894165523,0.010373610583447634
0.9779550237496596,0.02204497625034042
0.9999716067377956,2.8393262204340025e-05
0.9582118947033407,0.041788105296659335
0.20645855476901664,0.7935414452309834
0.981290331677715,0.018709668322285076
0.9991228432218251,0.000877156778174934
0.03766732329858968,0.9623326767014103
0.7175877486432622,0.2824122513567377
0.5800142178189887,0.4199857821810114
0.39906818628265417,0.6009318137173458
0.8790443582523091,0.1209556417476909
0.6871935058636872,0.3128064941363128
0.9995026668084278,0.0004973331915722247
0.9893078768543003,0.010692123145699634
0.9999884532564511,1.15467435488131e-05
0.9965845454294834,0.0034154545705166526
0.9939507948886088,0.0060492051113912116
0.9870813112623182,0.012918688737681785
0.9999835147621855,1.6485237814503728e-05
0.9272221665956656,0.0727778334043344
0.12629950699930537,0.8737004930006946
0.9668228062292944,0.03317719377070564
0.9984224001889278,0.0015775998110722413
0.02128490034745978,0.9787150996525402
0.5853686300170315,0.4146313699829685
0.4341734025196047,0.5658265974803953
0.2695268219063238,0.7304731780936762
0.8015063928850883,0.19849360711491174
0.5496745236185724,0.4503254763814276
0.999105255731219,0.0008947442687809552
0.9809194872271058,0.019080512772894194
0.9999792183654276,2.0781634572377826e-05
0.9938696118747521,0.006130388125247863
0.9891650630564279,0.010834936943572048
0.9769867283677756,0.023013271632224486
0.9999703302638095,2.9669736190496978e-05
0.9566322001628504,0.0433677998371495
0.2001813167358384,0.7998186832641616
0.9805653649426046,0.019434635057395417
0.9990882129021388,0.0009117870978612077
0.03628739516586321,0.9637126048341368
0.7096679495172158,0.29033205048278415
0.5705453039680555,0.4294546960319445
0.3898115054105098,0.6101884945894902
0.8748627676983656,0.12513723230163445
0.6788028700304144,0.3211971299695856
0.9994830242384692,0.0005169757615308037
0.9888900586052644,0.011109941394735642
0.9999879969782202,1.2003021779890839e-05
0.9964500586815467,0.0035499413184533154
0.9937132559369453,0.006286744063054753
0.9865776655329027,0.013422334467097268
0.999982863338994,1.713666100599884e-05
0.9574199691037704,0.042580030896229595
0.20326581747414807,0.7967341825258519
0.980927059594931,0.01907294040506899
0.9991054964848978,0.000894503515102264
0.03696323929578227,0.9630367607042177
0.7135987230977123,0.2864012769022876
0.575232245783911,0.42476775421608903
0.39437717808490946,0.6056228219150905
0.8769448015487223,0.12305519845127762
0.6829648404121482,0.3170351595878517
0.9994928276863985,0.0005071723136014871
0.9890985462457855,0.01090145375421443
0.9999882247051877,1.1775294812368894e-05
0.9965171760539081,0.0034828239460918896
0.9938317966814743,0.006168203318525774
0.9868289692599578,0.01317103074004227
0.999983188462139,1.681153786102403e-05
0.9564977154791391,0.04350228452086095
0.199663576532355,0.800336423467645
0.98050358506055,0.01949641493944997
0.9990852595346285,0.0009147404653715932
0.036174371333073,0.963825628666927
0.7090005850587348,0.29099941494126524
0.5697520272027896,0.43024797279721044
0.3890418756304804,0.6109581243695196
0.8745079773312313,0.12549202266876872
0.6780967397890303,0.3219032602109697
0.9994813490395854,0.0005186509604146162
0.9888544409246428,0.011145559075357187
0.9999879580641315,1.2041935868492357e-05
0.9964385905355837,0.0035614094644162734
0.993693002463686,0.006306997536313978
0.9865347354292707,0.013465264570729309
0.9999828077818083,1.71922181917146e-05
0.9758383000689326,0.024161699931067482
0.31424766512390645,0.6857523348760935
0.9892909460279773,0.01070905397202276
0.9995018037872899,0.0004981962127100959
0.06449515121862093,0.9355048487813791
0.8173653265720885,0.18263467342791154
0.7086636808718283,0.29133631912817176
0.5391004478579353,0.46089955214206474
0.9275387370000483,0.07246126299995173
0.7946363231579483,0.2053636768420517
0.9997175774826195,0.0002824225173805186
0.9939013421860208,0.006098657813979207
0.9999934442830805,6.55571691957912e-06
0.9980580025713743,0.0019419974286256235
0.9965565492413088,0.0034434507586911865
0.9926242044437197,0.007375795556280321
0.9999906404101983,9.359589801769994e-06
0.9762061202703249,0.02379387972967511
0.31764450604320404,0.682355493956796
0.9894561856681274,0.010543814331872613
0.9995095690104877,0.0004904309895123062
0.06544997246960871,0.9345500275303913
0.8196998845912812,0.18030011540871885
0.7118979708062689,0.288102029193731
0.5430032386464395,0.4569967613535605
0.9285880270255444,0.07141197297445552
0.7971893282023991,0.2028106717976009
0.9997219804465324,0.00027801955346765914
0.9939958756156418,0.0060041243843581196
0.9999935465143972,6.4534856027939886e-06
0.9980882288129829,0.001911771187017081
0.9966100654959301,0.0033899345040698924
0.9927383897581834,0.007261610241816554
0.9999907863653333,9.213634666626945e-06
0.9774539031164794,0.022546096883520644
0.32971505246772825,0.6702849475322717
0.9900162237055545,0.009983776294445468
0.9995358688895872,0.00046413111041275864
0.06890482615604598,0.931095173843954
0.82770651612374,0.17229348387625995
0.7230744966005804,0.27692550339941957
0.556651391735017,0.443348608264983
0.932159428654799,0.06784057134520104
0.805958956645402,0.194041043354598
0.9997368925368026,0.0002631074631973805
0.9943161717132069,0.00568382828679313
0.9999938927479537,6.1072520462682366e-06
0.9981906115785215,0.0018093884214784443
0.9967913551557103,0.0032086448442897038
0.9931253037596481,0.006874696240351832
0.9999912806813298,8.71931867015999e-06
0.9757492015002662,0.024250798499733738
0.31343535789537114,0.6865646421046289
0.989250908929002,0.010749091070997994
0.9994999219233407,0.0005000780766592777
0.06426793182137003,0.93573206817863
0.816801552857471,0.18319844714252898
0.7078842781248936,0.29211572187510637
0.5381630473245291,0.46183695267547087
0.927284801115244,0.07271519888475596
0.7940200685964732,0.20597993140352674
0.9997165104413402,0.0002834895586597502
0.9938784349563446,0.00612156504365537
0.9999934195075837,6.580492416314752e-06
0.9980506775941158,0.0019493224058841534
0.9965435805781819,0.00345641942181811
0.9925965358770398,0.007403464122960243
0.9999906050383485,9.394961651527686e-06
0.9312031069684175,0.06879689303158251
0.133132132262621,0.866867867737379
0.968710692710921,0.03128930728907903
0.9985149325286116,0.0014850674713883937
0.0225832284271561,0.9774167715728439
0.5999817286435751,0.4000182713564249
0.4491002746589009,0.5508997253410991
0.28161038674488037,0.7183896132551196
0.8109619943525677,0.1890380056474324
0.56460993420392,0.43539006579608
0.9991577697347475,0.0008422302652525756
0.9820201456791249,0.017979854320875094
0.999980439077789,1.9560922210992774e-05
0.994227639004866,0.005772360995133977
0.9897950242371244,0.01020497576287564
0.9783092313163873,0.02169076868361278
0.9999720730483144,2.792695168564663e-05
0.9600095598234597,0.039990440176540305
0.21407070602541067,0.7859292939745893
0.9821137270533926,0.017886272946607353
0.9991621161909955,0.0008378838090045469
0.03936484090403458,0.9606351590959654
0.7267852570992406,0.2732147429007594
0.5911393456211833,0.40886065437881675
0.4101117165851189,0.5898882834148811
0.8838348245962198,0.11616517540378024
0.6969628622254982,0.30303713777450175
0.9995249420095691,0.000475057990430865
0.9897821014794658,0.010217898520534249
0.9999889706670064,1.1029332993606155e-05
0.9967370945429642,0.0032629054570358007
0.9942202965762216,0.005779703423778411
0.9876530576124318,0.01234694238756821
0.9999842534636019,1.574653639814416e-05
0.8716412643906117,0.1283587356093882
0.0715370949807761,0.9284629050192239
0.9395122354236187,0.06048776457638132
0.9970442391703283,0.0029557608296717787
0.011458764424807533,0.9885412355751925
0.429380075869632,0.570619924130368
0.2902693052881029,0.7097306947118971
0.16434370516414987,0.8356562948358501
0.6827639932202647,0.31723600677973535
0.39415568623297603,0.605844313767024
0.9983226220661573,0.0016773779338427157
0.9647903301497004,0.03520966985029958
0.9999610108176468,3.898918235320865e-05
0.9885597942809007,0.01144020571909932
0.9798629754841223,0.02013702451587768
0.9576765666022187,0.04232343339778128
0.999944335959602,5.566404039804468e-05
0.9761245587189424,0.02387544128105752
0.31688518121714526,0.6831148187828547
0.9894195509196745,0.01058044908032549
0.9995078476212261,0.0004921523787738541
0.06523587869089731,0.9347641213091027
0.8191812147863226,0.18081878521367745
0.7111784557515665,0.28882154424843354
0.5421332088831046,0.4578667911168954
0.9283552177973836,0.07164478220261636
0.7966219690578585,0.2033780309421415
0.9997210044031198,0.00027899559688019266
0.9939749180863107,0.006025081913689307
0.9999935238519655,6.4761480345504275e-06
0.9980815281634058,0.001918471836594261
0.9965982016258288,0.0034017983741712063
0.9927130751241449,0.007286924875855096
0.9999907540102928,9.24598970719832e-06
0.9575074488088006,0.04249255119119946
0.20361389825576715,0.7963861017442329
0.9809672045814828,0.019032795418517236
0.9991074140645375,0.0008925859354625067
0.0370397761123874,0.9629602238876126
0.7140375115142679,0.2859624884857321
0.5757569927522839,0.4242430072477162
0.3948903204807066,0.6051096795192934
0.877176405563326,0.12282359443667397
0.6834297414114432,0.31657025858855686
0.999493915350685,0.0005060846493150589
0.9891216825142733,0.01087831748572665
0.9999882499705692,1.175002943073079e-05
0.9965246230089582,0.0034753769910417843
0.9938449500349883,0.00615504996501173
0.9868568582703139,0.0131431417296861
0.9999832245332346,1.6775466765380905e-05
0.975745939126817,0.024254060873183096
0.3134056918817635,0.6865943081182365
0.9892494428801737,0.010750557119826278
0.9994998530118844,0.0005001469881156759
0.06425964170376852,0.9357403582962315
0.8167809229038263,0.1832190770961737
0.7078557698730674,0.29214423012693264
0.5381287827156422,0.4618712172843577
0.9272755049280103,0.07272449507198978
0.7939975202378428,0.20600247976215724
0.9997164713676172,0.0002835286323827888
0.9938775961412295,0.006122403858770462
0.9999934186003349,6.581399665136971e-06
0.9980504093643131,0.0019495906356868757
0.9965431056877668,0.0034568943122332027
0.9925955227167339,0.007404477283266112
0.999990603743074,9.396256926008852e-06
0.9252445635925483,0.07475543640745172
0.12313981659269879,0.8768601834073012
0.9658816818421652,0.03411831815783488
0.9983761435057218,0.0016238564942782018
0.02069019170247466,0.9793098082975253
0.5783262651598577,0.4216737348401423
0.42707644146464574,0.5729235585353543
0.2638661063728729,0.7361338936271271
0.7968611053427523,0.2031388946572477
0.5424997287169468,0.45750027128305315
0.9990790025337504,0.0009209974662496449
0.980370118977534,0.019629881022465934
0.9999786080506837,2.139194931632546e-05
0.993690706804875,0.006309293195124995
0.9888504038581186,0.011149596141881353
0.9763268603956005,0.023673139604399557
0.9999694589313978,3.054106860221642e-05
0.960150753852281,0.03984924614771901
0.21469117258999637,0.7853088274100036
0.982178326815586,0.017821673184413984
0.9991651947098261,0.0008348052901738245
0.039504389203289136,0.9604956107967109
0.7275161731547051,0.2724838268452949
0.5920294467395522,0.4079705532604478
0.41100324613181194,0.5889967538681881
0.8842125301200833,0.11578746987991677
0.6977403801892851,0.3022596198107149
0.9995266880799314,0.00047331192006858
0.9898192925105035,0.010180707489496548
0.9999890112239478,1.0988776052190059e-05
0.996749053988387,0.0032509460116130163
0.9942414274826955,0.005758572517304457
0.9876979016049682,0.012302098395031805
0.9999843113663194,1.5688633680630168e-05
0.9758090223061744,0.024190977693825656
0.31398029353451495,0.686019706465485
0.989277790298391,0.01072220970160897
0.9995011854444918,0.0004988145555081571
0.0644203145484542,0.9355796854515458
0.8171799962284597,0.18282000377154028
0.7084073958135357,0.29159260418646427
0.5387920771920158,0.46120792280798417
0.9274552835201726,0.07254471647982744
0.7944337290187699,0.20556627098123018
0.999717226874421,0.00028277312557899306
0.9938938152222413,0.0061061847777586515
0.9999934361423586,6.563857641372475e-06
0.9980555957217563,0.0019444042782437098
0.9965522879665347,0.0034477120334653315
0.992615112948281,0.0073848870517190185
0.9999906287877314,9.371212268649873e-06
0.8743997628794636,0.1256002371205364
0.07320764027006266,0.9267923597299373
0.9409110282047276,0.05908897179527236
0.9971166748529668,0.002883325147033147
0.01174409723726999,0.98825590276273
0.4354875261520941,0.5645124738479059
0.2954224745612428,0.7045775254387572
0.1677898268085808,0.8322101731914192
0.6881292409093209,0.31187075909067913
0.400113424886949,0.599886575113051
0.9983637803285073,0.0016362196714927058
0.9656259488865467,0.03437405111345331
0.9999619690369148,3.803096308523024e-05
0.9888378271840162,0.011162172815983772
0.9803481666988612,0.01965183330113882
0.9586737821265582,0.04132621787344183
0.9999457039669629,5.429603303706296e-05
0.9774444193548036,0.022555580645196346
0.3296199722480263,0.6703800277519737
0.9900119701463861,0.009988029853613922
0.9995356692456306,0.0004643307543693499
0.06887722756414172,0.9311227724358583
0.827645149784217,0.172354850215783
0.7229883354607054,0.27701166453929466
0.5565452067799226,0.44345479322007747
0.9321322151670213,0.06786778483297876
0.8058916609237794,0.19410833907622066
0.999736779339513,0.00026322066048703414
0.9943137396123478,0.005686260387652217
0.9999938901197418,6.109880258194325e-06
0.9981898343259976,0.0018101656740024136
0.9967899787625571,0.0032100212374428666
0.9931223656130058,0.006877634386994164
0.9999912769290437,8.72307095633681e-06
0.957071849037501,0.04292815096249897
0.20189174212370842,0.7981082578762916
0.9807672649736309,0.01923273502636915
0.9990978621954069,0.0009021378045931757
0.03666163795178601,0.963338362048214
0.7118571314503492,0.2881428685496508
0.5731525476097559,0.42684745239024413
0.39234738607269837,0.6076526139273016
0.8760239396952255,0.12397606030477448
0.6811202084159226,0.3188797915840774
0.9994884974472604,0.000511502552739583
0.9890064457258555,0.010993554274144552
0.9999881241174189,1.187588258108938e-05
0.9964875289734,0.0035124710266000243
0.9937794333549724,0.006220566645027542
0.9867179517873715,0.013282048212628503
0.9999830448541428,1.6955145857242496e-05
0.9769681005759677,0.023031899424032325
0.32491182653462536,0.6750881734653746
0.9897982773737024,0.010201722626297594
0.9995256373109369,0.000474362689063105
0.06751831396202579,0.9324816860379742
0.82457318646055,0.17542681353945
0.7186850517703851,0.2813149482296149
0.551261118988456,0.44873888101154397
0.9307667901293185,0.06923320987068149
0.8025244851052767,0.19747551489472326
0.9997310912492177,0.0002689087507823844
0.9941915427326459,0.005808457267354177
0.9999937580530507,6.24194694930265e-06
0.9981507792233122,0.0018492207766877954
0.9967208203932096,0.0032791796067903637
0.9929747471776813,0.007025252822318687
0.9999910883780422,8.911621957873084e-06
0.9570193307188357,0.042980669281164265
0.2016859705329278,0.7983140294670722
0.9807431523618408,0.01925684763815918
0.9990967099941815,0.0009032900058184331
0.03661654546927828,0.9633834545307217
0.7115950183690953,0.2884049816309046
0.5728399728324085,0.4271600271675915
0.392042851340619,0.607957148659381
0.8758851258118814,0.1241148741881186
0.6808426709072044,0.31915732909279554
0.999487843905651,0.000512156094348949
0.9889925468695527,0.011007453130447306
0.9999881089361298,1.1891063870237204e-05
0.9964830546168422,0.0035169453831577937
0.9937715308565148,0.006228469143485146
0.9867011985543401,0.013298801445659857
0.9999830231799925,1.6976820007433074e-05
0.9759972729828008,0.024002727017199153
0.31570714715628767,0.6842928528437123
0.9893623715692407,0.010637628430759372
0.9995051606417047,0.0004948393582953587
0.0649044757119468,0.9350955242880532
0.818372911173774,0.18162708882622602
0.7100582358552057,0.2899417641447943
0.5407807002172853,0.45921929978271464
0.9279920489822333,0.07200795101776675
0.7957379658421829,0.2042620341578171
0.9997194808583121,0.00028051914168787597
0.993942206333517,0.0060577936664829215
0.999993488477192,6.5115228079599125e-06
0.9980710690078506,0.0019289309921493982
0.9965796833595076,0.003420316640492395
0.9926735629911276,0.007326437008872403
0.9999907035059068,9.296494093168776e-06
0.9760075671492471,0.023992432850752893
0.31580210578641943,0.6841978942135806
0.9893669962275502,0.010633003772449762
0.9995053779752604,0.000494622024739549
0.0649311557550496,0.9350688442449504
0.8184382308382447,0.18156176916175532
0.7101487127103084,0.28985128728969156
0.5408898458532734,0.4591101541467267
0.928021413026206,0.07197858697379397
0.7958093947697479,0.20419060523025212
0.9997196040887879,0.0002803959112120993
0.9939448521162686,0.006055147883731412
0.999993491338451,6.508661549072039e-06
0.9980719149797577,0.001928085020242304
0.9965811811684205,0.0034188188315794703
0.9926767587800668,0.007323241219933213
0.9999907075909117,9.29240908831087e-06
0.9566459038878857,0.043354096112114236
0.2002342160286693,0.7997657839713307
0.980571659653041,0.019428340346958915
0.9990885137988482,0.0009114862011517867
0.03629894994453542,0.9637010500554646
0.7097360126372554,0.2902639873627446
0.570626248801021,0.42937375119897897
0.3898900879824526,0.6101099120175474
0.8748989306991577,0.12510106930084225
0.6788748947264822,0.32112510527351773
0.9994831949118171,0.0005168050881828176
0.9888936875587573,0.011106312441242685
0.9999880009428752,1.1999057124787171e-05
0.9964512270968869,0.0035487729031130357
0.9937153194527296,0.006284680547270346
0.9865820395582103,0.01341796044178963
0.9999828689992855,1.713100071452476e-05
0.9765281402834562,0.02347185971654379
0.32067708035661213,0.6793229196433879
0.9896007931032043,0.010399206896795741
0.9995163626211092,0.0004836373788908242
0.06630880121028127,0.9336911987897187
0.8217532691120126,0.17824673088798731
0.7147518424698619,0.2852481575301381
0.5464642876335906,0.4535357123664094
0.9295079616913569,0.0704920383086432
0.7994363512888452,0.2005636487111549
0.9997258324715079,0.00027416752849204626
0.9940785942282149,0.005921405771785154
0.9999936359528794,6.364047120641351e-06
0.9981146741551826,0.0018853258448174191
0.996656889636975,0.003343110363025046
0.9928383078886056,0.00716169211139442
0.9999909140562135,9.085943786471806e-06
0.976162507504501,0.023837492495499095
0.3172380419395119,0.6827619580604881
0.9894365966817715,0.010563403318228458
0.999508648580615,0.0004913514193850017
0.06533532173732381,0.9346646782626762
0.8194224694778078,0.1805775305221922
0.7115130641335881,0.28848693586641194
0.5425376854885042,0.45746231451149577
0.9284635290971033,0.07153647090289669
0.7968858600164209,0.20311413998357908
0.9997214585545802,0.00027854144541981983
0.9939846694868069,0.006015330513193192
0.9999935343967645,6.465603235421818e-06
0.9980846459555208,0.0019153540444791326
0.9966037218336186,0.0033962781663814338
0.99272485382898,0.007275146171019982
0.9999907690650498,9.230934950254242e-06
0.9314365811822727,0.06856341881772728
0.13355395156941074,0.8664460484305893
0.9688211403307933,0.031178859669206766
0.9985203353412294,0.001479664658770542
0.022663939290164636,0.9773360607098354
0.6008574543296388,0.3991425456703612
0.4500035190468592,0.5499964809531408
0.2823494196062777,0.7176505803937223
0.8115209349576891,0.18847906504231096
0.5655070186381674,0.43449298136183256
0.9991608358117117,0.0008391641882883131
0.9820844813483872,0.017915518651612786
0.9999805103462971,1.9489653702871245e-05
0.994248549545215,0.005751450454785019
0.989831827828316,0.010168172171683986
0.9783865531642089,0.02161344683579119
0.9999721747968705,2.7825203129475255e-05
0.9574591043160827,0.04254089568391732
0.2034213966873949,0.7965786033126051
0.980945019490505,0.019054980509494945
0.9991063543821198,0.000893645617880206
0.036997441653745744,0.9630025583462543
0.7137949641746244,0.28620503582537554
0.5754668919009394,0.4245331080990606
0.394606585816479,0.605393414183521
0.8770484028036385,0.12295159719636146
0.6831727523633631,0.31682724763663694
0.9994933142917937,0.0005066857082063026
0.9891088969527596,0.010891103047240442
0.9999882360085635,1.1763991436509654e-05
0.9965205077029884,0.003479492297011649
0.9938376812636028,0.006162318736397155
0.9868414462156638,0.013158553784336124
0.999983204599839,1.6795400161023523e-05
0.9758398659852903,0.024160134014709768
0.3142619778266762,0.6857380221733238
0.9892916496476422,0.010708350352357883
0.9995018368582297,0.0004981631417703285
0.06449915861784905,0.935500841382151
0.8173752409901719,0.18262475900982814
0.7086773930272057,0.29132260697279433
0.5391169504358113,0.46088304956418863
0.9275432007778052,0.07245679922219479
0.7946471614409236,0.20535283855907635
0.9997175962342559,0.0002824037657440847
0.9939017447549361,0.006098255245063875
0.9999934447184718,6.555281528162295e-06
0.9980581312975912,0.0019418687024088082
0.9965567771487168,0.0034432228512831834
0.9926246906901903,0.007375309309809691
0.9999906410318044,9.358968195668125e-06
0.9576149204434719,0.04238507955652813
0.2040430745004369,0.7959569254995631
0.9810165184466988,0.01898348155330115
0.9991097694033527,0.0008902305966472739
0.03713421976956677,0.9628657802304332
0.7145772064849295,0.2854227935150705
0.5764028416907672,0.4235971583092328
0.39552243441861445,0.6044775655813855
0.8774610480951273,0.12253895190487273
0.6840016378563976,0.31599836214360244
0.9994952513124956,0.0005047486875044135
0.9891501018599087,0.010849898140091347
0.9999882810035869,1.1718996413030458e-05
0.9965337701228432,0.00346622987715686
0.9938611065401018,0.006138893459898124
0.9868911159997379,0.0131088840002621
0.9999832688387192,1.6731161280803172e-05
0.975954302147497,0.024045697852503
0.315311356675848,0.684688643324152
0.9893430663179945,0.010656933682005446
0.9995042533799393,0.000495746620060673
0.0647933358008368,0.9352066641991632
0.81810034564791,0.18189965435209002
0.7096807874868211,0.29031921251317894
0.5403255451736801,0.4596744548263199
0.9278694883269619,0.07213051167303808
0.7954399229534548,0.2045600770465452
0.9997189664308319,0.0002810335691680702
0.9939311616185925,0.0060688383814074785
0.9999934765328162,6.523467183794183e-06
0.9980675374985986,0.0019324625014014408
0.996573430778243,0.0034265692217570407
0.9926602223357179,0.007339777664282062
0.999990686452982,9.313547018091247e-06
0.9587163463421438,0.041283653657856224
0.20854228002746877,0.7914577199725312
0.9815215608674228,0.01847843913257723
0.9991338783563923,0.0008661216436076724
0.03812934384476396,0.961870656155236
0.7201485882093774,0.2798514117906225
0.5830977799321312,0.4169022200678688
0.40211080592864656,0.5978891940713534
0.8803851940146332,0.11961480598536674
0.6899108551359592,0.3100891448640408
0.9995089258933799,0.000491074106620065
0.9894410849489808,0.010558915051019295
0.9999885986453655,1.1401354634533785e-05
0.9966274060114138,0.0033725939885861974
0.9940265083325619,0.005973491667438107
0.9872419013513579,0.012758098648642115
0.9999837223323225,1.6277667677536818e-05
0.9768439663442006,0.023156033655799456
0.32370610229077634,0.6762938977092237
0.9897425674751575,0.010257432524842484
0.9995230212977384,0.0004769787022616308
0.06717271706574801,0.932827282934252
0.8237758499743066,0.17622415002569333
0.7175712844576185,0.2824287155423815
0.5498996312444913,0.4501003687555088
0.9304113830374611,0.06958861696253893
0.8016510407897494,0.19834895921025064
0.9997296079659533,0.00027039203404665373
0.9941596821618428,0.005840317838157249
0.9999937236137794,6.2763862206742214e-06
0.9981405952538012,0.0018594047461988846
0.9967027874139007,0.003297212586099238
0.9929362596569729,0.007063740343027156
0.9999910392092578,8.960790742161966e-06
0.959376672236992,0.040623327763008046
0.21133085078964398,0.788669149210356
0.9818240362203511,0.01817596377964893
0.9991483061491783,0.0008516938508216968
0.03875076786612941,0.9612492321338706
0.7235243492908077,0.27647565070919233
0.5871790544871811,0.41282094551281884
0.40615943791673215,0.5938405620832679
0.8821443958445302,0.11785560415546978
0.6934961233395616,0.3065038766604385
0.9995171091904315,0.0004828908095685564
0.9896152964183944,0.010384703581605646
0.9999887887280837,1.1211271916294973e-05
0.9966834478475513,0.0033165521524487654
0.9941255141082551,0.005874485891744891
0.987451936979733,0.012548063020266976
0.9999839937113455,1.600628865447591e-05
0.9569202407436701,0.04307975925632991
0.20129880582265047,0.7987011941773495
0.9806976534368977,0.01930234656310227
0.9990945357185741,0.0009054642814258688
0.036531754321050824,0.9634682456789492
0.7111009184280637,0.2888990815719364
0.5722510505197349,0.42774894948026515
0.39146945929978616,0.6085305407002138
0.8756232942823065,0.1243767057176935
0.680319554212,0.3196804457880001
0.9994866106300763,0.000513389369923709
0.9889663198372429,0.011033680162757083
0.9999880802879957,1.1919712004273254e-05
0.9964746113081671,0.0035253886918329516
0.9937566186415273,0.006243381358472655
0.9866695856026326,0.013330414397367402
0.9999829822793851,1.70177206148908e-05
0.9771409948870319,0.02285900511296816
0.3266056882732148,0.6733943117267852
0.9898758570489651,0.010124142951034965
0.9995292798125858,0.0004707201874142808
0.06800548105169457,0.9319945189483054
0.8256859543522742,0.17431404564772576
0.7202416077008624,0.27975839229913757
0.5531680919514734,0.44683190804852657
0.9312621035684369,0.06873789643156315
0.8037438245355608,0.19625617546443913
0.9997331565473158,0.00026684345268428503
0.9942359080872201,0.0057640919127798914
0.9999938060055333,6.193994466611884e-06
0.9981649595030446,0.0018350404969553525
0.9967459302010712,0.003254069798928798
0.9930283413188268,0.006971658681173165
0.9999911568395765,8.84316042350478e-06
0.9769070043637066,0.023092995636293436
0.3243173127343003,0.6756826872656997
0.9897708591394819,0.010229140860518064
0.999524349846598,0.0004756501534020494
0.06734778625851423,0.9326522137414858
0.8241805870318584,0.17581941296814163
0.7181364829646805,0.28186351703531953
0.5505902256100677,0.4494097743899324
0.9305918437266687,0.06940815627333133
0.8020943845153121,0.1979056154846879
0.999730361255497,0.00026963874450298085
0.9941758623982235,0.0058241376017765
0.9999937411038718,6.25889612815833e-06
0.998145767188934,0.001854232811066027
0.9967119454378913,0.0032880545621086646
0.9929558052931479,0.007044194706852129
0.9999910641797798,8.935820220265781e-06
0.9757887073350531,0.02421129266494697
0.3137950301248109,0.6862049698751891
0.9892686616695643,0.010731338330435719
0.99950075637341,0.000499243626590088
0.06436848695010133,0.9356315130498987
0.8170514438501321,0.18294855614986794
0.7082296670906931,0.2917703329093069
0.5385783043090107,0.46142169569098934
0.9273973835080689,0.07260261649193106
0.7942932085119658,0.2057067914880341
0.9997169835855725,0.00028301641442751463
0.9938885922869096,0.006111407713090358
0.9999934304934662,6.5695065337518225e-06
0.9980539256021452,0.0019460743978547213
0.9965493310655142,0.003450668934485702
0.9926088044065401,0.007391195593459863
0.9999906207228366,9.379277163368834e-06
0.9760009486371545,0.023999051362845494
0.3157410469369285,0.6842589530630715
0.9893640228646344,0.010635977135365602
0.9995052382437466,0.0004947617562534396
0.06491399968563005,0.93508600031437
0.8183962332968641,0.1816037667031359
0.7100905392632142,0.28990946073678586
0.5408196671703027,0.45918033282969734
0.928002533620576,0.07199746637942393
0.7957634690899461,0.20423653091005392
0.9997195248595115,0.00028047514048847364
0.9939431510464517,0.00605684895354827
0.9999934894988455,6.5105011545757236e-06
0.9980713710740481,0.0019286289259518702
0.9965802181730735,0.003419781826926453
0.9926747040908885,0.007325295909111491
0.9999907049645163,9.295035483795147e-06
0.9760020580438259,0.023997941956174117
0.31575128013954146,0.6842487198604585
0.9893645212665375,0.010635478733462458
0.9995052616659189,0.0004947383340811267
0.06491687479998831,0.9350831252000117
0.8184032727378763,0.18159672726212378
0.7101002897891648,0.2898997102108352
0.5408314294408612,0.45916857055913884
0.9280056981841234,0.07199430181587668
0.795771166907062,0.20422883309293802
0.9997195381401367,0.00028046185986332835
0.9939434361839782,0.006056563816021771
0.999993489807205,6.51019279491623e-06
0.9980714622449558,0.0019285377550441742
0.9965803795928335,0.003419620407166456
0.9926750485028635,0.007324951497136494
0.9999907054047598,9.294595240267354e-06
0.9758002009902894,0.024199799009710615
0.3138998211797901,0.6861001788202099
0.9892738264241672,0.010726173575832824
0.9995009991322463,0.0004990008677537153
0.06439779960495484,0.9356022003950452
0.8171241709599273,0.18287582904007274
0.7083302110958867,0.29166978890411327
0.5386992314128962,0.4613007685871037
0.9274301411599813,0.0725698588400187
0.7943727057845745,0.20562729421542547
0.9997171212329811,0.0002828787670189036
0.9938915473008925,0.006108452699107551
0.999993433689484,6.566310516003689e-06
0.9980548705180146,0.0019451294819854757
0.9965510040122362,0.00344899598776387
0.9926123736293935,0.007387626370606529
0.9999906252857748,9.374714225203147e-06
0.9758839703987028,0.024116029601297228
0.31466561582765706,0.6853343841723429
0.9893114667495012,0.010688533250498821
0.9995027682665644,0.0004972317334355789
0.06461222758459573,0.9353877724154043
0.8176545687192136,0.18234543128078634
0.7090637991753685,0.2909362008246314
0.5395821430720916,0.4604178569279084
0.9276689359225506,0.07233106407744935
0.7949525314865781,0.2050474685134219
0.9997181243542093,0.0002818756457907913
0.993913082809225,0.006086917190775042
0.9999934569808028,6.543019197209394e-06
0.9980617567466222,0.0019382432533777587
0.9965631959584582,0.0034368040415417717
0.9926383854945076,0.007361614505492494
0.9999906585386716,9.341461328306157e-06
0.9761515913632064,0.023848408636793637
0.31713646226781267,0.6828635377321873
0.9894316934661526,0.010568306533847485
0.9995084181872417,0.0004915818127583589
0.06530668623600777,0.9346933137639922
0.8193530588294122,0.1806469411705878
0.7114167829169129,0.28858321708308715
0.5424212773478481,0.457578722652152
0.9284323711311698,0.07156762886883018
0.7968099347698434,0.20319006523015656
0.9997213279194163,0.000278672080583796
0.9939818645100441,0.006018135489955881
0.9999935313635889,6.4686364110207636e-06
0.9980837491312359,0.0019162508687641175
0.9966021339583726,0.0033978660416274084
0.9927214656959906,0.007278534304009374
0.9999907647346001,9.23526539989113e-06
0.9241963220211886,0.07580367797881138
0.1215230645254255,0.8784769354745745
0.9653819452521084,0.03461805474789154
0.998351546315288,0.001648453684712012
0.020387267833761213,0.9796127321662388
0.5746497687275212,0.4253502312724789
0.42339601782281255,0.5766039821771874
0.26095155930905967,0.7390484406909403
0.794412642070658,0.20558735792934202
0.5387599917651448,0.4612400082348552
0.9990650418541415,0.0009349581458585589
0.98007821986983,0.019921780130170007
0.9999782834904618,2.171650953815459e-05
0.9935955927431233,0.00640440725687676
0.9886831521228626,0.011316847877137414
0.9759763107779895,0.024023689222010463
0.9999689955643719,3.100443562810419e-05
0.957953538601893,0.04204646139810695
0.20540657942584495,0.794593420574155
0.9811718550274732,0.018828144972526776
0.9991171871456512,0.0008828128543487705
0.03743482347990568,0.9625651765200943
0.7162822113120506,0.2837177886879494
0.5784463146315244,0.4215536853684756
0.3975264403463825,0.6024735596536175
0.8783586811857731,0.12164131881422696
0.6858089817454167,0.31419101825458334
0.9994994586810464,0.0005005413189536338
0.9892396135907502,0.010760386409249832
0.9999883787358982,1.1621264101866976e-05
0.9965625782304874,0.003437421769512529
0.9939119916622697,0.006088008337730309
0.9869990194263375,0.01300098057366253
0.9999834083700302,1.6591629969820695e-05
0.9779120332679919,0.022087966732008132
0.3343720624304898,0.6656279375695102
0.99022164476882,0.009778355231180005
0.999545508532987,0.0004544914670129982
0.0702642223066462,0.9297357776933538
0.8306803761281435,0.1693196238718565
0.7272592505155113,0.27274074948448873
0.5618270514163413,0.43817294858365874
0.9334752897276908,0.0665247102723092
0.8092216692545231,0.19077833074547684
0.9997423581510512,0.00025764184894879936
0.994433616694384,0.005566383305615934
0.9999940196477611,5.9803522388876635e-06
0.9982281416448938,0.001771858355106139
0.9968578170299296,0.003142182970070387
0.9932671890324292,0.006732810967570785
0.9999914618556159,8.538144384050936e-06
0.9768069387725417,0.02319306122745834
0.32334812280837866,0.6766518771916213
0.9897259484345707,0.01027405156542924
0.9995222408500962,0.00047775914990382846
0.06707029729625458,0.9329297027037454
0.8235382745379178,0.17646172546208222
0.7172396760908321,0.28276032390916794
0.5494947522544495,0.4505052477455505
0.9303054049513074,0.0696945950486926
0.8013908292112653,0.1986091707887348
0.9997291654503611,0.00027083454963897145
0.9941501774096156,0.005849822590384365
0.9999937133393135,6.286660686524836e-06
0.9981375570517308,0.0018624429482691882
0.9966974076576274,0.0033025923423726515
0.9929247780309224,0.007075221969077653
0.999991024540452,8.975459548013886e-06
0.9777559794614005,0.02224402053859951
0.3327715249620098,0.6672284750379902
0.9901516838205363,0.009848316179463693
0.9995422259552001,0.00045777404479981835
0.06979532898307717,0.9302046710169228
0.8296653005746978,0.1703346994253022
0.7258288015311238,0.2741711984688762
0.5600538279142934,0.43994617208570663
0.933026786832497,0.06697321316750302
0.8081076661068602,0.1918923338931397
0.9997404969562167,0.00025950304378329677
0.9943936204157695,0.0056063795842304955
0.9999939764349723,6.023565027695575e-06
0.9982153613346536,0.0017846386653464195
0.9968351839855218,0.003164816014478115
0.9932188687427199,0.0067811312572800386
0.9999914001609089,8.599839091118545e-06
0.9773471674410794,0.022652832558920546
0.3286480145450187,0.6713519854549813
0.989968349065032,0.01003165093496807
0.9995336217633933,0.0004663782366066727
0.06859545572929926,0.9314045442707007
0.8270163203306731,0.17298367966932687
0.7221058770991402,0.2778941229008598
0.5554585402569645,0.4445414597430355
0.9318532137123946,0.06814678628760538
0.8052021448377259,0.19479785516227413
0.9997356184245045,0.00026438157549550965
0.9942887974227932,0.005711202577206801
0.9999938631656118,6.136834388262635e-06
0.9981818631337108,0.0018181368662891482
0.9967758631183018,0.0032241368816982173
0.9930922338906703,0.006907766109329803
0.9999912384467556,8.761553244381944e-06
0.9582419752868744,0.04175802471312559
0.2065817006380798,0.7934182993619202
0.9813041237046928,0.018695876295307192
0.9991235015687083,0.0008764984312916264
0.037694573043863366,0.9623054269561366
0.7177400167959862,0.2822599832040138
0.5801972673636882,0.4198027326363119
0.3992484161586697,0.6007515838413303
0.8791242376477647,0.12087576235223527
0.6873550217542281,0.31264497824577187
0.9995030402218716,0.0004969597781283603
0.9893158230140673,0.010684176985932768
0.9999884619303209,1.153806967909154e-05
0.9965871023790435,0.0034128976209565416
0.9939553116126256,0.006044688387374412
0.987090890566499,0.012909109433500968
0.9999835271457722,1.647285422783355e-05
0.9588713922279266,0.04112860777207343
0.20919075312231905,0.790809246877681
0.981592603381131,0.01840739661886903
0.999137267779677,0.0008627322203229824
0.038273534463288295,0.9617264655367117
0.7209388075683064,0.2790611924316936
0.5840514696222778,0.4159485303777222
0.4030546633903075,0.5969453366096925
0.8807978450531699,0.11920215494683009
0.690749791626173,0.309250208373827
0.9995108483489263,0.0004891516510737051
0.989482006205036,0.01051799379496397
0.9999886433006931,1.1356699306798195e-05
0.996640571118099,0.003359428881901003
0.9940497655711561,0.0059502344288439035
0.9872912361087275,0.012708763891272483
0.9999837860862427,1.6213913757275854e-05
0.9772150119056069,0.02278498809439309
0.3273360658556268,0.6726639341443732
0.9899090646652956,0.010090935334704352
0.9995308388019591,0.00046916119804082685
0.06821614229696094,0.9317838577030391
0.8261631344558925,0.17383686554410746
0.7209098719519635,0.27909012804803646
0.5539883092249589,0.4460116907750411
0.9314742575698828,0.0685257424301172
0.8042668316815069,0.1957331683184931
0.999734040492154,0.00026595950784601797
0.9942548975539631,0.005745102446036825
0.9999938265290731,6.173470926957109e-06
0.9981710287491248,0.0018289712508752197
0.9967566775203474,0.003243322479652616
0.9930512812402363,0.006948718759763621
0.9999911861409385,8.813859061453384e-06
0.976145640090177,0.02385435990982294
0.3170811093977257,0.6829188906022743
0.9894290203003457,0.01057097969965421
0.999508292579022,0.0004917074209779926
0.06529108500479053,0.9347089149952095
0.819315221760382,0.18068477823961807
0.7113643022929692,0.28863569770703074
0.542357833781107,0.45764216621889303
0.9284153849868801,0.07158461501311982
0.7967685471450687,0.20323145285493124
0.9997212566983882,0.00027874330161181725
0.9939803352701996,0.006019664729800429
0.9999935297099306,6.470290069349494e-06
0.9980832601918891,0.0019167398081109338
0.9966012682661014,0.0033987317338986223
0.99271961852802,0.007280381471979981
0.9999907623736803,9.237626319614117e-06
0.9565992438146493,0.04340075618535061
0.20005420639247262,0.7999457936075274
0.9805502262666186,0.01944977373338138
0.9990874892353819,0.0009125107646181113
0.03625963560226797,0.963740364397732
0.7095043086854671,0.29049569131453284
0.57035072270776,0.42964927729224006
0.3896226411162125,0.6103773588837875
0.8747758066096204,0.12522419339037963
0.6786297105854824,0.3213702894145176
0.999482613763116,0.0005173862368839894
0.9888813309495563,0.011118669050443645
0.9999879874430809,1.2012556919075788e-05
0.9964472486114971,0.0035527513885028825
0.9937082931417355,0.00629170685826455
0.986567146002208,0.013432853997792055
0.999982849725788,1.7150274212018e-05
0.9775979327863886,0.022402067213611414
0.33116557665780977,0.6688344233421902
0.9900808167581244,0.009919183241875539
0.9995389004114359,0.0004610995885640788
0.0693266338635583,0.9306733661364417
0.8286394584235683,0.1713605415764316
0.7243853464006401,0.2756146535993599
0.5582687602987658,0.4417312397012342
0.9325728497054228,0.06742715029457724
0.8069821975126632,0.19301780248733674
0.9997386113946243,0.0002613886053757448
0.9943531036347766,0.005646896365223434
0.9999939326562816,6.06734371848456e-06
0.9982024139898051,0.0017975860101948642
0.9968122555914136,0.0031877444085864058
0.9931699204543134,0.006830079545686544
0.9999913376582684,8.662341731611031e-06
0.9601387346334094,0.03986126536659058
0.21463822213640582,0.7853617778635942
0.982172828134481,0.017827171865518986
0.9991649326837466,0.0008350673162534175
0.03949247316583926,0.9605075268341607
0.7274539046620956,0.27254609533790436
0.5919535822371442,0.4080464177628557
0.4109272135132882,0.5890727864867118
0.884180369488003,0.11581963051199691
0.6976741349157903,0.30232586508420967
0.9995265394644971,0.00047346053550295587
0.9898161269207749,0.010183873079225124
0.9999890077719804,1.0992228019640115e-05
0.9967480360598516,0.003251963940148326
0.9942396289097646,0.005760371090235366
0.9876940845906227,0.012305915409377272
0.9999843064379818,1.569356201822963e-05
0.9264410201860734,0.07355897981392659
0.12503387971045354,0.8749661202895465
0.9664513264506834,0.033548673549316586
0.9984041520421153,0.0015958479578846636
0.02104625843001484,0.9789537415699852
0.5825701261622425,0.41742987383775754
0.43134576045042694,0.5686542395495731
0.267264981929189,0.732735018070811
0.7996674362949489,0.20033256370505118
0.5468216158389154,0.45317838416108464
0.9990948990356818,0.0009051009643181412
0.9807026953763055,0.01929730462369446
0.99997897760444,2.102239555998817e-05
0.9937990285548736,0.006200971445126481
0.9890409103513695,0.010959089648630408
0.9767263128895827,0.0232736871104173
0.9999699865347955,3.001346520445357e-05
0.9590106243549706,0.040989375645029365
0.20977635208473766,0.7902236479152623
0.9816563891652008,0.018343610834799236
0.9991403105875387,0.0008596894124612696
0.03840391088324435,0.9615960891167556
0.7216496902036897,0.27835030979631026
0.5849102871205532,0.41508971287944685
0.40390577528016236,0.5960942247198376
0.8811686240816741,0.11883137591832597
0.6915046702879032,0.3084953297120968
0.999512574201985,0.00048742579801497256
0.9895187453434174,0.010481254656582513
0.9999886833891412,1.1316610858807122e-05
0.9966523901306814,0.003347609869318638
0.9940706452279908,0.0059293547720091905
0.9873355296198113,0.012664470380188675
0.9999838433200811,1.615667991892231e-05
0.9578421705882011,0.04215782941179891
0.20495623668022922,0.7950437633197708
0.9811207731238758,0.018879226876124255
0.9991147480935004,0.0008852519064995776
0.03733544586795878,0.9626645541320412
0.7157206887565115,0.2842793112434885
0.5777727999742992,0.42222720002570074
0.39686526272207145,0.6031347372779285
0.8780633263899684,0.12193667361003155
0.6852136530150208,0.31478634698497926
0.999498075245392,0.0005019247546079311
0.989210179304271,0.010789820695728959
0.9999883466003747,1.1653399625311692e-05
0.9965531056056288,0.003446894394371192
0.9938952594669273,0.00610474053307271
0.9869635369202544,0.013036463079745618
0.9999833624905069,1.6637509493058904e-05
0.9569507678547543,0.04304923214524571
0.2014179314798067,0.7985820685201933
0.9807116710573518,0.019288328942648182
0.9990952056047909,0.0009047943952090993
0.03655783631162823,0.9634421636883718
0.7112530758575797,0.28874692414242037
0.5724323664562112,0.42756763354378874
0.3916459406642979,0.6083540593357021
0.8757039470362178,0.12429605296378217
0.6804806390592155,0.3195193609407844
0.9994869905979354,0.0005130094020646014
0.9889744001521187,0.01102559984788127
0.9999880891143922,1.1910885607758588e-05
0.9964772126487899,0.003522787351210114
0.9937612129986424,0.0062387870013576215
0.9866793252340659,0.01332067476593415
0.9999829948807285,1.700511927144561e-05
0.9760800278783175,0.023919972121682502
0.3164720831412874,0.6835279168587126
0.9893995477016425,0.0106004522983575
0.9995069076610623,0.0004930923389376321
0.06511956319589873,0.9348804368041013
0.8188982726931536,0.18110172730684637
0.7107861789550972,0.2892138210449028
0.5416593059308994,0.45834069406910055
0.9282281418495483,0.07177185815045171
0.7963125039900336,0.20368749600996638
0.9997204714365187,0.0002795285634813055
0.9939634746240661,0.0060365253759339325
0.9999935114771705,6.488522829440991e-06
0.9980778693192313,0.001922130680768693
0.9965917234921567,0.0034082765078432844
0.9926992526417038,0.007300747358296191
0.9999907363428603,9.263657139760268e-06
0.9760696033432303,0.023930396656769656
0.31637552822799486,0.6836244717720051
0.9893948648620013,0.010605135137998645
0.9995066876070978,0.000493312392902211
0.06509239245105236,0.9349076075489476
0.8188320613085813,0.18116793869141865
0.710694405479771,0.28930559452022897
0.5415484800996506,0.4584515199003494
0.9281983971050835,0.07180160289491654
0.7962400898049988,0.20375991019500123
0.999720346663707,0.00027965333629300076
0.993960795631406,0.006039204368594005
0.9999935085801055,6.491419894551079e-06
0.9980770127505284,0.0019229872494715798
0.9965902069074425,0.003409793092557521
0.992696016713798,0.007303983286201953
0.999990732206735,9.267793265051909e-06
0.9773761861330907,0.02262381386690927
0.3289374536248716,0.6710625463751284
0.9899813655282925,0.01001863447170744
0.9995342327469381,0.00046576725306188743
0.06867929698198727,0.9313207030180127
0.827203867819099,0.17279613218090092
0.7223689838659202,0.2776310161340798
0.5557823654247098,0.4442176345752902
0.9319364524038577,0.06806354759614232
0.8054077781898933,0.19459222181010669
0.9997359648501758,0.00026403514982418705
0.9942962402327035,0.0057037597672965675
0.999993871208931,6.128791069013188e-06
0.9981842417853756,0.001815758214624421
0.9967800752930961,0.0032199247069038864
0.9931012252366052,0.00689877476339483
0.9999912499301655,8.750069834421822e-06
0.9578966892377995,0.04210331076220051
0.20517646174527016,0.7948235382547298
0.9811457803730552,0.018854219626944835
0.9991159421666566,0.0008840578333434337
0.03738403166063009,0.9626159683393699
0.715995480519982,0.2840045194800181
0.5781023331206825,0.4218976668793175
0.3971886771401206,0.6028113228598794
0.8782078969479064,0.1217921030520936
0.6855049759488517,0.31449502405114826
0.9994987525266338,0.0005012474733661859
0.9892245890828125,0.01077541091718748
0.999988362332803,1.1637667197008893e-05
0.9965577430490198,0.003442256950980259
0.9939034508942839,0.006096549105716091
0.9869809075957127,0.013019092404287329
0.9999833849515166,1.6615048483326494e-05
0.977656991413522,0.022343008586477954
0.33176392834897883,0.6682360716510212
0.9901072997420333,0.009892700257966765
0.9995401432185096,0.0004598567814904387
0.06950105432024922,0.9304989456797508
0.8290225352696035,0.1709774647303965
0.7249241166335749,0.275075883366425
0.5589345357842312,0.4410654642157688
0.9327424416752995,0.0672575583247005
0.8074024363278526,0.1925975636721474
0.9997393160587531,0.0002606839412468451
0.9943682450268433,0.005631754973156666
0.9999939490170882,6.0509829118547135e-06
0.9982072525833465,0.0017927474166534426
0.9968208241808806,0.0031791758191194726
0.9931882126592874,0.006811787340712606
0.9999913610165183,8.638983481637552e-06
0.956612089858791,0.04338791014120898
0.20010373453049934,0.7998962654695007
0.9805561272346182,0.01944387276538186
0.9990877713190147,0.0009122286809853256
0.036270451168347484,0.9637295488316525
0.7095680865565077,0.29043191344349234
0.5704265542813779,0.4295734457186221
0.3896962382459841,0.6103037617540159
0.8748097018003496,0.1251902981996505
0.67869719725994,0.32130280274005996
0.9994827737654925,0.0005172262345074106
0.9888847329528041,0.011115267047195903
0.9999879911598578,1.2008840142192075e-05
0.9964483439689206,0.003551656031079453
0.9937102276228218,0.006289772377178177
0.9865712464661436,0.013428753533856395
0.9999828550321866,1.7144967813407778e-05
0.9568031697989116,0.043196830201088464
0.2008431942950869,0.7991568057049131
0.9806438915272886,0.019356108472711433
0.9990919663285128,0.000908033671487205
0.036432059092498914,0.9635679409075011
0.7105179105260118,0.28948208947398824
0.5715566636595772,0.42844333634042275
0.39079402432738475,0.6092059756726153
0.8753140823708834,0.12468591762911661
0.6797024079105018,0.32029759208949815
0.9994851532377804,0.0005148467622195902
0.9889353284131852,0.0110646715868148
0.9999880464336971,1.1953566302921376e-05
0.996464633798744,0.003535366201256102
0.99373899703716,0.006261002962840069
0.9866322303051892,0.013367769694810775
0.9999829339459984,1.706605400166586e-05
0.9581360984012081,0.04186390159879192
0.20614887081065292,0.7938511291893471
0.9812555767522354,0.01874442324776455
0.9991211841563488,0.0008788158436512521
0.03759882691178018,0.9624011730882198
0.7172043111652184,0.28279568883478157
0.579553435073789,0.4204465649262111
0.3986147182655281,0.6013852817344719
0.8788431222767475,0.12115687772325244
0.6867868136628303,0.3132131863371696
0.9995017257878336,0.0004982742121664358
0.9892878526732358,0.010712147326764204
0.9999884313978367,1.1568602163328872e-05
0.9965781018381572,0.0034218981618427736
0.9939394126848053,0.006060587315194624
0.9870571717285463,0.012942828271453696
0.9999834835548868,1.651644511326431e-05
0.9571288556747031,0.0428711443252969
0.20211554948235655,0.7978844505176435
0.9807934366432878,0.019206563356712184
0.9990991127259012,0.000900887274098723
0.03671070437532109,0.9632892956246789
0.7121418312772707,0.28785816872272924
0.573492183069896,0.4265078169301039
0.3926784449696097,0.6073215550303903
0.8761746494438581,0.12382535055614181
0.6814216865226645,0.31857831347733545
0.9994892067616084,0.0005107932383915985
0.9890215311213953,0.01097846887860462
0.9999881405942457,1.1859405754339732e-05
0.9964923852069566,0.0035076147930433533
0.9937880103771081,0.006211989622891894
0.9867361353474542,0.013263864652545778
0.9999830683779173,1.693162208274653e-05
0.9760589023109071,0.023941097689092933
0.3162764714409212,0.6837235285590788
0.9893900577581947,0.010609942241805378
0.9995064617116997,0.0004935382883003521
0.0650645240082498,0.9349354759917502
0.8187641034181954,0.18123589658180456
0.7106002204408439,0.2893997795591561
0.5414347594578296,0.4585652405421704
0.9281678647419251,0.07183213525807483
0.7961657670170232,0.2038342329829767
0.999720218578719,0.0002797814212810428
0.9939580455374495,0.006041954462550472
0.9999935056061351,6.494393864894591e-06
0.9980761334449528,0.0019238665550471267
0.996588650068397,0.003411349931602982
0.9926926949071615,0.00730730509283847
0.9999907279608125,9.272039187547979e-06
0.9579880677282447,0.04201193227175525
0.205546586916878,0.794453413083122
0.9811876913983375,0.01881230860166254
0.999117943249494,0.0008820567505059566
0.03746573785517182,0.9625342621448282
0.7164564611602624,0.28354353883973765
0.5786554218165649,0.42134457818343507
0.3977318516802675,0.6022681483197325
0.8784502809476559,0.12154971905234414
0.6859937425983995,0.31400625740160054
0.9994998875441872,0.0005001124558128224
0.9892487385180073,0.010751261481992666
0.9999883886978483,1.1611302151656722e-05
0.9965655147623427,0.003434485237657292
0.993917178724688,0.006082821275312051
0.9870100194522775,0.012989980547722517
0.9999834225925941,1.6577407405959714e-05
0.9764073554922422,0.023592644507757755
0.31953308093724564,0.6804669190627544
0.9895465592874335,0.010453440712566505
0.9995138149558224,0.00048618504417764774
0.06598410568049928,0.9340158943195007
0.8209820301979678,0.17901796980203222
0.7136789419885843,0.2863210580114158
0.5451612104311028,0.4548387895688973
0.9291627658330998,0.07083723416690023
0.798592218042552,0.20140778195744807
0.9997243879300401,0.000275612069959798
0.9940475725205136,0.005952427479486423
0.9999936024127821,6.39758721791366e-06
0.9981047567911252,0.0018952432088748265
0.996639329720537,0.0033606702794629806
0.9928008354902765,0.007199164509723512
0.9999908661711808,9.133828819183706e-06
0.9610638018752751,0.03893619812472496
0.2187874001695066,0.7812125998304934
0.9825958154683767,0.017404184531623314
0.9991850809382583,0.0008149190617417479
0.040430200705906194,0.9595697992940938
0.7322731951284204,0.2677268048715796
0.5978442924440954,0.4021557075559046
0.41685681999520785,0.5831431800047921
0.8866601278044237,0.1133398721955763
0.7028048756697081,0.297195124330292
0.9995379670132143,0.0004620329867856981
0.9900595962823192,0.009940403717680832
0.9999892732026308,1.072679736922143e-05
0.9968263132478744,0.003173686752125553
0.9943779447586334,0.0056220552413666315
0.9879876706647817,0.01201232933521839
0.9999846853905704,1.5314609429594682e-05
0.9579694961124321,0.042030503887567856
0.2054712609222218,0.7945287390777782
0.9811791738271944,0.01882082617280557
0.9991175365829325,0.0008824634170674988
0.03744910438027582,0.9625508956197242
0.7163627312733896,0.2836372687266105
0.5785429358462861,0.4214570641537138
0.39762134591398324,0.6023786540860168
0.878401012129949,0.12159898787005097
0.6858943575881868,0.3141056424118132
0.9994996568823884,0.0005003431176115829
0.9892438307036264,0.010756169296373607
0.9999883833398665,1.1616660133471687e-05
0.996563935362195,0.003436064637805007
0.9939143888841018,0.006085611115898256
0.9870041031165194,0.01299589688348052
0.9999834149430639,1.6585056936129112e-05
0.9766900365238091,0.023309963476190847
0.32222292272144193,0.6777770772785581
0.9896734747325192,0.01032652526748079
0.9995197764657685,0.00048022353423150983
0.06674893030697682,0.9332510696930232
0.8227889895588983,0.17721101044110163
0.7161945768504459,0.2838054231495541
0.5482201845521373,0.4517798154478628
0.9299709200634455,0.07002907993655447
0.8005702759177897,0.19942972408221024
0.9997277681368645,0.0002722318631355424
0.9941201657776306,0.005879834222369352
0.999993680895992,6.31910400798068e-06
0.9981279635483176,0.0018720364516823925
0.9966804205698929,0.003319579430107045
0.9928885246433272,0.007111475356672793
0.9999909782212777,9.021778722348746e-06
0.9762649517518083,0.023735048248191705
0.31819440139815935,0.6818055986018406
0.9894826087055386,0.010517391294461364
0.9995108104976269,0.0004891895023731058
0.0656052533540944,0.9343947466459056
0.8200743623804962,0.1799256376195038
0.7124177966912535,0.28758220330874656
0.543632448214035,0.456367551785965
0.9287560038979363,0.07124399610206364
0.7975990152532767,0.20240098474672327
0.9997226843801604,0.00027731561983957895
0.9940109909476799,0.00598900905232009
0.9999935628587743,6.4371412256720305e-06
0.9980930614455127,0.0019069385544873627
0.9966186220151406,0.0033813779848593413
0.9927566477313049,0.007243352268695131
0.9999908097001193,9.190299880695729e-06
0.9582781081269756,0.04172189187302444
0.20672980774510463,0.7932701922548954
0.9813206900750717,0.018679309924928316
0.9991242923224343,0.000875707677565712
0.037727355378819216,0.9622726446211808
0.7179229943257848,0.2820770056742153
0.580417284335754,0.41958271566424593
0.3994651088990727,0.6005348911009273
0.879220201454998,0.12077979854500202
0.687549121861091,0.312450878138909
0.9995034887360122,0.0004965112639877392
0.9893253674618004,0.010674632538199504
0.999988472348666,1.1527651334055877e-05
0.9965901735956453,0.0034098264043547206
0.9939607367873782,0.006039263212621859
0.9871023966911392,0.012897603308860806
0.9999835420199268,1.6457980073170873e-05
0.9564834218665627,0.0435165781334373
0.19960869774094325,0.8003913022590567
0.9804970182644509,0.01950298173554913
0.9990849455901846,0.000915054409815399
0.03616239818953115,0.9638376018104688
0.7089297174477411,0.2910702825522589
0.5696678308996181,0.4303321691003819
0.38896024199253665,0.6110397580074634
0.8744702797341695,0.12552972026583056
0.6780217639206159,0.3219782360793842
0.9994811709648538,0.0005188290351461657
0.9888506548858588,0.011149345114141245
0.999987953927531,1.2046072468927677e-05
0.9964373714774658,0.003562628522534183
0.9936908495508511,0.006309150449148978
0.9865301721425395,0.013469827857460539
0.9999828018760327,1.7198123967299852e-05
0.9572631056358647,0.042736894364135324
0.20264447258352059,0.7973555274164794
0.9808550638202191,0.01914493617978088
0.9991020571344992,0.0008979428655008664
0.03682675244707978,0.9631732475529202
0.7128130622370432,0.28718693776295684
0.5742934526074204,0.42570654739257957
0.3934601397447559,0.6065398602552441
0.8765297030890749,0.12347029691092509
0.6821325771227345,0.3178674228772656
0.9994908768588007,0.0005091231411992861
0.9890570517702755,0.010942948229724539
0.9999881793892287,1.1820610771294187e-05
0.9965038194819451,0.0034961805180549212
0.9938082057125811,0.006191794287418873
0.9867789515090347,0.013221048490965228
0.999983123765066,1.6876234933984314e-05
0.9755620758768275,0.024437924123172455
0.3117424641299541,0.6882575358700459
0.9891668093956413,0.010833190604358677
0.9994959685195866,0.0005040314804134467
0.0637957647792855,0.9362042352207145
0.815619704365424,0.184380295634576
0.7062524770168062,0.2937475229831938
0.5362043320713106,0.4637956679286894
0.9267517842691501,0.0732482157308499
0.7927285468741609,0.20727145312583906
0.999714268804442,0.000285731195557927
0.9938303148014842,0.006169685198515841
0.9999933674591314,6.632540868681451e-06
0.9980352896046425,0.001964710395357471
0.9965163370614478,0.003483662938552162
0.992538414672186,0.0074615853278140075
0.9999905307290421,9.469270957871266e-06
0.9567689530135438,0.04323104698645618
0.20071039917097622,0.7992896008290238
0.9806281769512992,0.019371823048700797
0.9990912152465271,0.0009087847534728901
0.03640301886628783,0.9635969811337122
0.7103476660971604,0.2896523339028396
0.5713539985835916,0.42864600141640835
0.39059702110332617,0.6094029788966738
0.8752237347450508,0.12477626525494925
0.6795222150476437,0.3204777849523563
0.9994847272134522,0.0005152727865477979
0.9889262693624132,0.0110737306375868
0.999988036537404,1.1963462596065165e-05
0.9964617172094572,0.003538282790542758
0.9937338460052131,0.006266153994786968
0.9866213111333929,0.01337868886660705
0.9999829198171765,1.7080182823538066e-05
0.975622161091425,0.024377838908575044
0.31228411883750584,0.6877158811624942
0.9891938153434923,0.010806184656507779
0.9994972381020308,0.0005027618979691318
0.06394663723542104,0.936053362764579
0.8159988671557972,0.18400113284420289
0.7067756887366001,0.29322431126339993
0.536831792820736,0.46316820717926394
0.9269228891131267,0.0730771108868733
0.7931428446011677,0.20685715539883237
0.9997149886768202,0.0002850113231798016
0.9938457674755937,0.006154232524406316
0.9999933841738361,6.615826163938848e-06
0.9980402312120469,0.0019597687879531257
0.9965250858115571,0.0034749141884429717
0.9925570788235867,0.00744292117641327
0.9999905545925393,9.445407460689074e-06
0.9768543008638055,0.02314569913619441
0.32380615224474385,0.6761938477552561
0.9897472057799278,0.010252794220072166
0.9995232391129528,0.0004767608870471809
0.06720135723713194,0.9327986427628681
0.823842179329632,0.17615782067036803
0.717663887716961,0.28233611228303895
0.5500127353690828,0.4499872646309172
0.9304409647530018,0.06955903524699825
0.8017236933582954,0.19827630664170465
0.9997297314676231,0.00027026853237692883
0.9941623348739306,0.0058376651260693855
0.9999937264812783,6.273518721746805e-06
0.9981414431883906,0.0018585568116094467
0.9967042888595107,0.0032957111404893573
0.9929394641093886,0.007060535890611425
0.9999910433031723,8.956696827607684e-06
0.9760820449189044,0.023917955081095583
0.3164907720934653,0.6835092279065347
0.9894004537766375,0.010599546223362498
0.9995069502387153,0.0004930497612847035
0.06512482300850897,0.934875176991491
0.81891108498983,0.18108891501016994
0.7108039386913978,0.2891960613086022
0.5416807545564741,0.4583192454435259
0.9282338972991873,0.07176610270081273
0.7963265167341269,0.20367348326587303
0.9997204955784735,0.0002795044215265043
0.9939639929767203,0.006036007023279629
0.9999935120377158,6.4879622842082815e-06
0.9980780350545444,0.0019219649454556137
0.9965920169325319,0.003407983067468173
0.9926998787550091,0.00730012124499096
0.9999907371431479,9.262856852148688e-06
0.9249802636287565,0.07501973637124343
0.12272847979662238,0.8772715202033776
0.9657557380493103,0.034244261950689775
0.9983699467981481,0.0016300532018519067
0.020613033187061647,0.9793869668129384
0.5773956461673642,0.4226043538326358
0.4261432427256675,0.5738567572743325
0.263125747955787,0.736874252044213
0.7962428605139412,0.20375713948605878
0.5415527200500194,0.4584472799499805
0.9990754854833304,0.0009245145166696862
0.9802965665509698,0.01970343344903024
0.9999785262865403,2.1473713459709886e-05
0.9936667436871751,0.006333256312824834
0.9888082639989019,0.011191736001098107
0.9762385252238825,0.023761474776117494
0.9999693421986334,3.0657801366524654e-05
